{
  "project_info": {
    "project_number": "528256631804",
    "project_id": "proyecto-f769f",
    "storage_bucket": "proyecto-f769f.appspot.com"
  },
  "client": [
    {
      "client_info": {
        "mobilesdk_app_id": "1:528256631804:android:2e7cfaee492119a09ea879",
        "android_client_info": {
          "package_name": "com.example.proyectolineados"
        }
      },
      "oauth_client": [
        {
          "client_id": "528256631804-ajo7adhfitg5o3vr0dn6silca9puo9ic.apps.googleusercontent.com",
          "client_type": 3
        }
      ],
      "api_key": [
        {
          "current_key": "AIzaSyAmFsgqmxvC9l6szBrIKATpZ-82f1gbslQ"
        }
      ],
      "services": {
        "appinvite_service": {
          "other_platform_oauth_client": [
            {
              "client_id": "528256631804-ajo7adhfitg5o3vr0dn6silca9puo9ic.apps.googleusercontent.com",
              "client_type": 3
            }
          ]
        }
      }
    }
  ],
  "configuration_version": "1"
}